{"cameraMode":{"drawMode":0,"name":"Shaded","section":"Shading Mode"},"sceneLighting":false,"audioPlay":false,"sceneViewState":{"m_AlwaysRefresh":true,"showFog":true,"showSkybox":false,"showFlares":true,"showImageEffects":true,"showParticleSystems":true,"showVisualEffectGraphs":true,"m_FxEnabled":true},"in2DMode":false,"pivot":{"x":-0.03500032424926758,"y":2.883305072784424,"z":-0.008123517036437989},"rotation":{"x":0.10745330899953842,"y":0.6283779740333557,"z":-0.08827471733093262,"w":0.7655609250068665},"size":3.7346625328063967,"orthographic":false}