{"cameraMode":{"drawMode":0,"name":"Shaded","section":"Shading Mode"},"sceneLighting":false,"audioPlay":false,"sceneViewState":{"m_AlwaysRefresh":true,"showFog":true,"showSkybox":false,"showFlares":true,"showImageEffects":true,"showParticleSystems":true,"showVisualEffectGraphs":true,"m_FxEnabled":true},"in2DMode":false,"pivot":{"x":-0.003313720226287842,"y":2.8591556549072267,"z":0.011180996894836426},"rotation":{"x":0.08207827061414719,"y":0.9083918929100037,"z":-0.21220122277736665,"w":0.35124218463897707},"size":3.5160892009735109,"orthographic":false}