{"cameraMode":{"drawMode":0,"name":"Shaded","section":"Shading Mode"},"sceneLighting":false,"audioPlay":false,"sceneViewState":{"m_AlwaysRefresh":true,"showFog":true,"showSkybox":false,"showFlares":true,"showImageEffects":true,"showParticleSystems":true,"showVisualEffectGraphs":true,"m_FxEnabled":true},"in2DMode":false,"pivot":{"x":-14.395461082458496,"y":-2.1216044425964357,"z":-6.644656181335449},"rotation":{"x":0.012218953110277653,"y":0.6708199381828308,"z":-0.01108420081436634,"w":0.7416256070137024},"size":2.9866726398468019,"orthographic":false}